[{
  "_id": {
    "$oid": "67c99aac664239d2c33cb6eb"
  },
  "date_of_birth": "12/JAN/2000",
  "email": "example@gmail.com",
  "gender": "MALE",
  "name": {
    "first_Name": "ABC",
    "last_Name": "abc"
  },
  "phone_no": "123456789",
  "user": {
    "user_id": "ara",
    "user_id_hash": "efd33602387616e143656b40a1823bd39117910b4cb88fa429fc706d7338cfd1",
    "password": "123",
    "password_hash": "a665a45920422f9d417e4867efdc4fb8a04a1f3fff1fa07e998e86f7f7a27ae3"
  },
  "address": {
    "pin_code": "4554",
    "state": "WB",
    "Address": "kolkata"
  },
  "Vo_Id": "V20250306490",
  "voted": "true",
  "log": [
    {
      "status": "200",
      "date": "2025/4/2",
      "time": "11:55",
      "update": "Profile Created"
    },
    {
      "status": "406",
      "date": "2025/4/3",
      "time": "11:55",
      "update": "Your Application Have Been Rejected"
    },
    {
      "status": "304",
      "date": "2025/4/3",
      "time": "11:55",
      "update": "Your Modification Is on Progress"
    },
    {
      "status": "200",
      "date": "2025/4/6",
      "time": "11:55",
      "update": "Profile Varified"
    }
  ]
}]