[{
  "_id": {
    "$oid": "67c6a00eca2ce367426ecdcf"
  },
  "date_of_birth": "1999-02-07",
  "email": "efse@gmail.com",
  "gender": "FEMALE",
  "name": {
    "first_Name": "AAS",
    "last_Name": "EFEJF"
  },
  "phone_no": "45546",
  "user": {
    "user_id": "zz",
    "user_id_hash": "1",
    "password": "1",
    "password_hash": "1"
  },
  "address": {
    "pin_code": "4554",
    "state": "WB",
    "Address": "ESSFSEF"
  },
  "Vo_Id": "V20250306490"
},{
  "_id": {
    "$oid": "67c99aac664239d2c33cb6eb"
  },
  "date_of_birth": "12/JAN/2000",
  "email": "github@gmail.com",
  "gender": "MALE",
  "name": {
    "first_Name": "ARA",
    "last_Name": "ara"
  },
  "phone_no": "123456789",
  "user": {
    "user_id": "ara",
    "user_id_hash": "efd33602387616e143656b40a1823bd39117910b4cb88fa429fc706d7338cfd1",
    "password": "123",
    "password_hash": "a665a45920422f9d417e4867efdc4fb8a04a1f3fff1fa07e998e86f7f7a27ae3"
  },
  "address": {
    "pin_code": "4554",
    "state": "WB",
    "Address": "kolkata"
  },
  "Vo_Id": "V20250306490",
  "voted": "true",
  "log": [
    {
      "status": "200",
      "date": "2025/4/2",
      "time": "11:55",
      "update": "Profile Created"
    },
    {
      "status": "406",
      "date": "2025/4/3",
      "time": "11:55",
      "update": "Your Application Have Been Rejected"
    },
    {
      "status": "304",
      "date": "2025/4/3",
      "time": "11:55",
      "update": "Your Modification Is on Progress"
    },
    {
      "status": "200",
      "date": "2025/4/6",
      "time": "11:55",
      "update": "Profile Varified"
    }
  ]
},{
  "_id": {
    "$oid": "67ec824ff7668ada8ab7ab2a"
  },
  "date_of_birth": "1999-01-07",
  "email": "efse@gmail.com",
  "gender": "FEMALE",
  "name": {
    "first_Name": "AAS",
    "last_Name": "EFEJF"
  },
  "phone_no": "45546",
  "user": {
    "user_id": "zz",
    "user_id_hash": "1",
    "password": "1",
    "password_hash": "1"
  },
  "address": {
    "pin_code": "4554",
    "state": "WB",
    "Address": "ESSFSEF"
  },
  "Vo_Id": "V20250306490",
  "a": null
},{
  "_id": {
    "$oid": "67ecb4153db7d026a80f5456"
  },
  "user": {
    "user_id": "ABC",
    "password": "123",
    "user_id_hash": "b5d4045c3f466fa91fe2cc6abe79232a1a57cdf104f7a26e716e0a1e2789df78",
    "password_hash": "a665a45920422f9d417e4867efdc4fb8a04a1f3fff1fa07e998e86f7f7a27ae3"
  }
}]