{
  "results": [
    {
      "gender": "female",
      "name": {
        "title": "Mrs",
        "first": "Parimala",
        "last": "Bansal"
      },
      "location": {
        "street": {
          "number": 8641,
          "name": "Kazimar St"
        },
        "city": "Jalandhar",
        "state": "Meghalaya",
        "country": "India",
        "postcode": 76500,
        "coordinates": {
          "latitude": "-6.1290",
          "longitude": "107.2213"
        },
        "timezone": {
          "offset": "-11:00",
          "description": "Midway Island, Samoa"
        }
      },
      "email": "parimala.bansal@example.com",
      "login": {
        "uuid": "82a0d66a-bcb3-4a99-bc35-48780e2eec67",
        "username": "goldenfish598",
        "password": "celine",
        "salt": "UQoNLLmX",
        "md5": "44ad04f4d26a8b4b4db6a5d2b993c389",
        "sha1": "8d16e08198edf1252048d9a430c5d423e41d6750",
        "sha256": "24c7d7ae9bf819afc2071a5b60695813d488db2657d6382af48b9675f6f3ce8a"
      },
      "dob": {
        "date": "1972-02-22T00:27:58.028Z",
        "age": 53
      },
      "registered": {
        "date": "2012-10-14T16:27:44.061Z",
        "age": 12
      },
      "phone": "9199834397",
      "cell": "7088513319",
      "id": {
        "name": "UIDAI",
        "value": "363079191318"
      },
      "picture": {
        "large": "https://randomuser.me/api/portraits/women/1.jpg",
        "medium": "https://randomuser.me/api/portraits/med/women/1.jpg",
        "thumbnail": "https://randomuser.me/api/portraits/thumb/women/1.jpg"
      },
      "nat": "IN"
    },
    {
      "gender": "male",
      "name": {
        "title": "Mr",
        "first": "Balendra",
        "last": "Kaur"
      },
      "location": {
        "street": {
          "number": 2551,
          "name": "Lindsay St"
        },
        "city": "Sultan Pur Majra",
        "state": "Arunachal Pradesh",
        "country": "India",
        "postcode": 27109,
        "coordinates": {
          "latitude": "-30.6927",
          "longitude": "146.7138"
        },
        "timezone": {
          "offset": "-10:00",
          "description": "Hawaii"
        }
      },
      "email": "balendra.kaur@example.com",
      "login": {
        "uuid": "c40ed925-52e4-4961-bf2e-342dc036147e",
        "username": "tinymouse998",
        "password": "buffy",
        "salt": "NtSlPk70",
        "md5": "87926d225e66a1a23eb155eb3469f75e",
        "sha1": "8bd8f934cc38cbc6559401bde72a51a95a1b8fbd",
        "sha256": "5e51d9f6306cf7b7b64eba5594e1954093b5e053894648a89d600a86256326f9"
      },
      "dob": {
        "date": "1960-07-09T22:52:30.135Z",
        "age": 64
      },
      "registered": {
        "date": "2012-06-07T18:34:50.925Z",
        "age": 12
      },
      "phone": "9889398343",
      "cell": "9307824952",
      "id": {
        "name": "UIDAI",
        "value": "679295892029"
      },
      "picture": {
        "large": "https://randomuser.me/api/portraits/men/78.jpg",
        "medium": "https://randomuser.me/api/portraits/med/men/78.jpg",
        "thumbnail": "https://randomuser.me/api/portraits/thumb/men/78.jpg"
      },
      "nat": "IN"
    },
    {
      "gender": "male",
      "name": {
        "title": "Mr",
        "first": "Arjun",
        "last": "Prabhu"
      },
      "location": {
        "street": {
          "number": 6870,
          "name": "Colaba Causeway"
        },
        "city": "Jabalpur",
        "state": "Uttar Pradesh",
        "country": "India",
        "postcode": 20409,
        "coordinates": {
          "latitude": "-77.6708",
          "longitude": "-111.5603"
        },
        "timezone": {
          "offset": "-2:00",
          "description": "Mid-Atlantic"
        }
      },
      "email": "arjun.prabhu@example.com",
      "login": {
        "uuid": "a5b2a2ff-2e9f-448c-9cde-6ed575f50bd4",
        "username": "tinyfrog508",
        "password": "roofer",
        "salt": "qzLx6px7",
        "md5": "4771c16c282f641fdc9ca76ddb41b889",
        "sha1": "024f1cb1f19eb7fefa4bc5c0d0e55037ce32745b",
        "sha256": "2ceaf14f65691154f22771317c26d6cb5911c57bf9a4f3009c3d8bbc2bf4ed49"
      },
      "dob": {
        "date": "1959-06-08T07:54:52.216Z",
        "age": 65
      },
      "registered": {
        "date": "2020-04-18T22:42:39.157Z",
        "age": 4
      },
      "phone": "7112867642",
      "cell": "7146420473",
      "id": {
        "name": "UIDAI",
        "value": "568388446585"
      },
      "picture": {
        "large": "https://randomuser.me/api/portraits/men/78.jpg",
        "medium": "https://randomuser.me/api/portraits/med/men/78.jpg",
        "thumbnail": "https://randomuser.me/api/portraits/thumb/men/78.jpg"
      },
      "nat": "IN"
    },
    {
      "gender": "male",
      "name": {
        "title": "Mr",
        "first": "Gautam",
        "last": "Kumari"
      },
      "location": {
        "street": {
          "number": 9015,
          "name": "MG Rd Bangalore"
        },
        "city": "Bidhannagar",
        "state": "Tripura",
        "country": "India",
        "postcode": 51230,
        "coordinates": {
          "latitude": "-5.7126",
          "longitude": "145.6772"
        },
        "timezone": {
          "offset": "-3:30",
          "description": "Newfoundland"
        }
      },
      "email": "gautam.kumari@example.com",
      "login": {
        "uuid": "93abe4e8-de41-44e8-82a5-a36f14696e36",
        "username": "redrabbit482",
        "password": "sapphire",
        "salt": "6bBOGwMn",
        "md5": "fb5cc98a6751a3608d55483ea36800e5",
        "sha1": "59974dace659968566a3077ecf36e4660088a6df",
        "sha256": "ced72cd0eebc14269ffe5e60b711ce699a6e53ea03bc57784eb39d763e7ced89"
      },
      "dob": {
        "date": "1950-01-30T21:40:56.211Z",
        "age": 75
      },
      "registered": {
        "date": "2018-02-21T22:05:56.015Z",
        "age": 7
      },
      "phone": "9686455248",
      "cell": "7418006163",
      "id": {
        "name": "UIDAI",
        "value": "243849093103"
      },
      "picture": {
        "large": "https://randomuser.me/api/portraits/men/96.jpg",
        "medium": "https://randomuser.me/api/portraits/med/men/96.jpg",
        "thumbnail": "https://randomuser.me/api/portraits/thumb/men/96.jpg"
      },
      "nat": "IN"
    },
    {
      "gender": "male",
      "name": {
        "title": "Mr",
        "first": "Ajay",
        "last": "Adiga"
      },
      "location": {
        "street": {
          "number": 1664,
          "name": "Mirza Ismail Rd"
        },
        "city": "Dindigul",
        "state": "Tamil Nadu",
        "country": "India",
        "postcode": 90690,
        "coordinates": {
          "latitude": "78.6210",
          "longitude": "94.9540"
        },
        "timezone": {
          "offset": "+4:30",
          "description": "Kabul"
        }
      },
      "email": "ajay.adiga@example.com",
      "login": {
        "uuid": "e574ec12-13ca-4ca6-8337-97306c599e5d",
        "username": "purplekoala595",
        "password": "mookie",
        "salt": "o1clsY0x",
        "md5": "a84674f26b7566dba44dc6c80df66f32",
        "sha1": "a9c92eeb9a3923d2a7cc49ccfcb34841bd6e968d",
        "sha256": "1a9e5d1d8f823cafd70a1791a122d3e59e0b14642009533de4157624bb5337b3"
      },
      "dob": {
        "date": "1985-09-19T04:19:33.628Z",
        "age": 39
      },
      "registered": {
        "date": "2019-09-07T16:23:24.990Z",
        "age": 5
      },
      "phone": "8102763746",
      "cell": "8104272643",
      "id": {
        "name": "UIDAI",
        "value": "778818573376"
      },
      "picture": {
        "large": "https://randomuser.me/api/portraits/men/92.jpg",
        "medium": "https://randomuser.me/api/portraits/med/men/92.jpg",
        "thumbnail": "https://randomuser.me/api/portraits/thumb/men/92.jpg"
      },
      "nat": "IN"
    },
    {
      "gender": "male",
      "name": {
        "title": "Mr",
        "first": "Veer",
        "last": "Andrade"
      },
      "location": {
        "street": {
          "number": 8916,
          "name": "Carter Rd Promenade"
        },
        "city": "Pallavaram",
        "state": "Puducherry",
        "country": "India",
        "postcode": 42833,
        "coordinates": {
          "latitude": "69.3998",
          "longitude": "-25.6233"
        },
        "timezone": {
          "offset": "+1:00",
          "description": "Brussels, Copenhagen, Madrid, Paris"
        }
      },
      "email": "veer.andrade@example.com",
      "login": {
        "uuid": "6a9d8166-74e8-42e7-a07a-8593cac61cff",
        "username": "bluegorilla572",
        "password": "science",
        "salt": "CIsvCSZ3",
        "md5": "f6426c769671c20f01bbf3578e8c02bb",
        "sha1": "360210a72aa4bd9992e297d0a60052e567f7dba8",
        "sha256": "845917b7559f6ee3acd2e123f22f16f4458d53f2143eeab17ea7bc32e13bc157"
      },
      "dob": {
        "date": "1997-07-16T16:33:10.719Z",
        "age": 27
      },
      "registered": {
        "date": "2005-11-24T21:16:17.790Z",
        "age": 19
      },
      "phone": "7958127018",
      "cell": "7327758816",
      "id": {
        "name": "UIDAI",
        "value": "659838368871"
      },
      "picture": {
        "large": "https://randomuser.me/api/portraits/men/59.jpg",
        "medium": "https://randomuser.me/api/portraits/med/men/59.jpg",
        "thumbnail": "https://randomuser.me/api/portraits/thumb/men/59.jpg"
      },
      "nat": "IN"
    },
    {
      "gender": "female",
      "name": {
        "title": "Miss",
        "first": "Nikhitha",
        "last": "Kouser"
      },
      "location": {
        "street": {
          "number": 5717,
          "name": "Shanmugham Rd"
        },
        "city": "Sambhal",
        "state": "Jammu and Kashmir",
        "country": "India",
        "postcode": 75709,
        "coordinates": {
          "latitude": "23.1244",
          "longitude": "108.9385"
        },
        "timezone": {
          "offset": "-7:00",
          "description": "Mountain Time (US & Canada)"
        }
      },
      "email": "nikhitha.kouser@example.com",
      "login": {
        "uuid": "a78947d1-61d1-40a3-a547-5c7f0f520585",
        "username": "blackcat516",
        "password": "melissa",
        "salt": "SE4Vptcb",
        "md5": "b2de84ae107de3546e2094feb7b64b48",
        "sha1": "be3acaebf54ffc8ecef53ac3bb8c03fa6ffc4628",
        "sha256": "f8ebb8c35c6abd2b80231b1657cc34431952059486765310f1bec8a42eb709a8"
      },
      "dob": {
        "date": "1962-11-15T23:59:42.643Z",
        "age": 62
      },
      "registered": {
        "date": "2012-02-02T18:11:30.561Z",
        "age": 13
      },
      "phone": "7909797997",
      "cell": "9098131319",
      "id": {
        "name": "UIDAI",
        "value": "289414386165"
      },
      "picture": {
        "large": "https://randomuser.me/api/portraits/women/60.jpg",
        "medium": "https://randomuser.me/api/portraits/med/women/60.jpg",
        "thumbnail": "https://randomuser.me/api/portraits/thumb/women/60.jpg"
      },
      "nat": "IN"
    },
    {
      "gender": "male",
      "name": {
        "title": "Mr",
        "first": "Yash",
        "last": "Bhardwaj"
      },
      "location": {
        "street": {
          "number": 9163,
          "name": "Ashoka Rd"
        },
        "city": "Erode",
        "state": "Goa",
        "country": "India",
        "postcode": 29698,
        "coordinates": {
          "latitude": "-79.1340",
          "longitude": "-175.5374"
        },
        "timezone": {
          "offset": "-3:00",
          "description": "Brazil, Buenos Aires, Georgetown"
        }
      },
      "email": "yash.bhardwaj@example.com",
      "login": {
        "uuid": "a294de3d-034c-4f69-a78b-dea214ba5b6a",
        "username": "silverelephant847",
        "password": "shonuf",
        "salt": "2aR8hMTe",
        "md5": "9ba4be4c87895e376637506a06309987",
        "sha1": "fd9d1ce3e516423417ca780cf87476b65f7312b7",
        "sha256": "ffe395fc48de0480b463acefda92507e41090cf1bb159338e70eb48fed74fe11"
      },
      "dob": {
        "date": "1998-06-02T08:12:10.090Z",
        "age": 26
      },
      "registered": {
        "date": "2013-08-30T13:24:47.717Z",
        "age": 11
      },
      "phone": "9572326923",
      "cell": "7016126578",
      "id": {
        "name": "UIDAI",
        "value": "232056148721"
      },
      "picture": {
        "large": "https://randomuser.me/api/portraits/men/50.jpg",
        "medium": "https://randomuser.me/api/portraits/med/men/50.jpg",
        "thumbnail": "https://randomuser.me/api/portraits/thumb/men/50.jpg"
      },
      "nat": "IN"
    },
    {
      "gender": "female",
      "name": {
        "title": "Ms",
        "first": "Ananya",
        "last": "Holla"
      },
      "location": {
        "street": {
          "number": 3108,
          "name": "Sao Tome Old Quarter"
        },
        "city": "Tiruchirappalli",
        "state": "Odisha",
        "country": "India",
        "postcode": 89345,
        "coordinates": {
          "latitude": "-2.5999",
          "longitude": "-119.5457"
        },
        "timezone": {
          "offset": "-1:00",
          "description": "Azores, Cape Verde Islands"
        }
      },
      "email": "ananya.holla@example.com",
      "login": {
        "uuid": "063c3b75-bbdd-41c8-b54c-aa5f17e2bc57",
        "username": "beautifulzebra225",
        "password": "arrow",
        "salt": "dPiEOzqC",
        "md5": "8b1d7ca1d72d606451870c0771503161",
        "sha1": "9d82630137cc166a9f66228cc54a684b6a36bcb0",
        "sha256": "329548d4f2c651553cb255917b34161ebff9a0deaef6449a416c3df67b079d47"
      },
      "dob": {
        "date": "1963-04-09T01:55:40.682Z",
        "age": 61
      },
      "registered": {
        "date": "2012-06-08T18:09:39.941Z",
        "age": 12
      },
      "phone": "9392458343",
      "cell": "7448440447",
      "id": {
        "name": "UIDAI",
        "value": "852357608693"
      },
      "picture": {
        "large": "https://randomuser.me/api/portraits/women/6.jpg",
        "medium": "https://randomuser.me/api/portraits/med/women/6.jpg",
        "thumbnail": "https://randomuser.me/api/portraits/thumb/women/6.jpg"
      },
      "nat": "IN"
    },
    {
      "gender": "male",
      "name": {
        "title": "Mr",
        "first": "Karan",
        "last": "Sullad"
      },
      "location": {
        "street": {
          "number": 2751,
          "name": "Janpath"
        },
        "city": "Kulti",
        "state": "Maharashtra",
        "country": "India",
        "postcode": 52643,
        "coordinates": {
          "latitude": "11.1077",
          "longitude": "-72.7942"
        },
        "timezone": {
          "offset": "-12:00",
          "description": "Eniwetok, Kwajalein"
        }
      },
      "email": "karan.sullad@example.com",
      "login": {
        "uuid": "57bdec36-8e29-42f9-913c-12d364bc9ec1",
        "username": "brownfrog357",
        "password": "scooby1",
        "salt": "dtOTftgV",
        "md5": "97d5f85a4e48c9baf78dabb1a837f3f6",
        "sha1": "f406b09e12bb7e5cc154b1eb34730668fdd71301",
        "sha256": "0f89fec7f3116c9c9da4cc1abca43c8aece30d3ffbde35f77cec8897c850436c"
      },
      "dob": {
        "date": "1981-05-16T11:23:45.254Z",
        "age": 43
      },
      "registered": {
        "date": "2012-06-20T19:47:29.861Z",
        "age": 12
      },
      "phone": "8025609087",
      "cell": "8936204869",
      "id": {
        "name": "UIDAI",
        "value": "241143369782"
      },
      "picture": {
        "large": "https://randomuser.me/api/portraits/men/70.jpg",
        "medium": "https://randomuser.me/api/portraits/med/men/70.jpg",
        "thumbnail": "https://randomuser.me/api/portraits/thumb/men/70.jpg"
      },
      "nat": "IN"
    }
  ],
  "info": {
    "seed": "53dbf85ec685f9f0",
    "results": 10,
    "page": 1,
    "version": "1.4"
  }
}