{
    "login": {
      "user_id": "true",
      "password": "true",
      "SessionToken": "1m8h2ttjg6fntnobctiouk1hti"
    },
    "profile": {
      "date_of_birth": "12/JAN/2000",
      "email": "example@gmail.com",
      "gender": "MALE",
      "name": { "first_Name": "ARA", "last_Name": "ara" },
      "phone_no": "123456789",
      "user": { "user_id": "ara" },
      "address": { "pin_code": "4554", "state": "WB", "Address": "kolkata" },
      "Vo_Id": "V20250306490",
      "voted": "false",
      "log": [
        {
          "status": "200",
          "date": "2025/4/2",
          "time": "11:55",
          "update": "Profile Created"
        },
        {
          "status": "406",
          "date": "2025/4/3",
          "time": "11:55",
          "update": "Your Application Have Been Rejected"
        },
        {
          "status": "304",
          "date": "2025/4/3",
          "time": "11:55",
          "update": "Your Modification Is on Progress"
        },
        {
          "status": "200",
          "date": "2025/4/6",
          "time": "11:55",
          "update": "Profile Varified"
        }
      ]
    },
    "voting": {
      "Start_Date": "22/OCT/2025",
      "End_Date": "23/OCT/2025",
      "Start_Time": "11:00",
      "End_Time": "12:00",
      "Status": "403"
    }
  }